{
	"codename": "d_category_showcase",
    "version": "1.0.0",
    "name": "Category show case",
    "description": "Category show case description.",
    "index": "extension/module/d_category_showcase",
    "author": {
        "name": "Dreamvention",
        "email": "info@dreamvention.com",
        "url": "https://dreamvention.ee/"
    },
    "opencart_version": "2.0.1.0-4",
    "type": "module",
    "license": {
        "type": "commercial",
        "url": "https://shopunity.net/licenses/commercial"
    },
    "install": {
        "url": "extension/extension/module/install&extension=d_category_showcase"
    },
    "uninstall": {
        "url": "extension/extension/module/uninstall&extension=d_category_showcase"
    },
    "support": {
        "email": "support@dreamvention.com",
        "url": "https://dreamvention.com/support"
    },
    "required": {
        "d_opencart_patch": ">= 1.0.0",
        "d_twig_manager": ">= 1.3.0",
        "d_bootstrap_switch":">= 3.0.0",
        "d_admin_style": ">= 1.0.4",
        "d_twig_partial": ">= 1.1.1"
    },
    "files": [
        "system/library/d_shopunity/extension/d_category_showcase.json",

        "admin/controller/extension/module/d_category_showcase.php",
        "admin/language/en-gb/extension/module/d_category_showcase.php",
        "admin/view/template/extension/module/d_category_showcase.twig",

        "catalog/controller/extension/module/d_category_showcase.php",
        "catalog/view/theme/default/template/extension/module/d_category_showcase.twig"       
    ],
    "dirs": [],
    "changelog": [
        {
            "version":"1.0.1",
            "change": "1. Initial commit"
        },
        {
            "version":"1.0.0",
            "change": "1. Initial commit"
        }       
    ]
}